{"cameraMode":{"drawMode":0,"name":"Shaded","section":"Shading Mode"},"sceneLighting":false,"audioPlay":false,"sceneViewState":{"showFog":true,"showMaterialUpdate":false,"showSkybox":false,"showFlares":true,"showImageEffects":true,"showParticleSystems":true},"in2DMode":false,"pivot":{"x":0.7305647134780884,"y":-0.8735854625701904,"z":0.0},"rotation":{"x":-0.0003095009597018361,"y":0.04258452355861664,"z":-0.000013593824405688792,"w":-0.9990952610969544},"size":4.0179219245910648,"orthographic":false}