{"cameraMode":{"drawMode":0,"name":"Shaded","section":"Shading Mode"},"sceneLighting":false,"audioPlay":false,"sceneViewState":{"showFog":true,"showMaterialUpdate":false,"showSkybox":false,"showFlares":true,"showImageEffects":true,"showParticleSystems":true},"in2DMode":false,"pivot":{"x":14.998440742492676,"y":-8.129974365234375,"z":0.4744558334350586},"rotation":{"x":-0.07519139349460602,"y":-0.03529467433691025,"z":0.0026630000211298467,"w":-0.9965441226959229},"size":4.443761348724365,"orthographic":false}