{"cameraMode":{"drawMode":0,"name":"Shaded","section":"Shading Mode"},"sceneLighting":false,"audioPlay":false,"sceneViewState":{"showFog":true,"showMaterialUpdate":false,"showSkybox":false,"showFlares":true,"showImageEffects":true,"showParticleSystems":true},"in2DMode":false,"pivot":{"x":18.24896812438965,"y":1.8357422351837159,"z":-0.857421875},"rotation":{"x":-0.1817636340856552,"y":0.7604303956031799,"z":-0.24023433029651643,"w":-0.5753309726715088},"size":4.521407604217529,"orthographic":true}