{"cameraMode":{"drawMode":0,"name":"Shaded","section":"Shading Mode"},"sceneLighting":false,"audioPlay":false,"sceneViewState":{"showFog":true,"showMaterialUpdate":false,"showSkybox":false,"showFlares":true,"showImageEffects":true,"showParticleSystems":true},"in2DMode":false,"pivot":{"x":2.2378718852996828,"y":-2.5321097373962404,"z":0.0},"rotation":{"x":0.024135194718837739,"y":0.9748427867889404,"z":-0.13240909576416017,"w":0.17769017815589906},"size":3.4790163040161135,"orthographic":true}